Query,Search Engine,Links
history of La Liga,Bing,https://en.wikipedia.org/wiki/La_Liga
history of La Liga,Bing,https://www.footballhistory.org/league/la-liga.html
history of La Liga,Bing,https://www.fifplay.com/laliga-history/
history of La Liga,Bing,https://voiceof.vegas/columns/sports/the-history-of-la-liga/
history of La Liga,Bing,https://pitchpulse.co.uk/historical-and-cultural/historical-perspectives/the-evolution-of-la-liga/
history of La Liga,Bing,https://big-soccer.fandom.com/wiki/La_Liga
history of La Liga,Bing,https://www.worldsoccershop.com/guide/what-is-la-liga
history of La Liga,Bing,https://www.topendsports.com/sport/soccer/list-league-la-liga.htm
history of La Liga,Bing,https://en.wikipedia.org/wiki/Football_in_Spain
history of La Liga,Bing,https://en.wikipedia.org/wiki/Liga_Nacional_de_F%C3%BAtbol_Profesional
history of La Liga,Bing,https://www.theguardian.com/football/la-liga
history of La Liga,Bing,https://www.transfermarkt.com/primera-division/startseite/wettbewerb/ES1
history of La Liga,Bing,https://www.laliga.com/en-GB
history of La Liga,Bing,https://www.skysports.com/la-liga
history of La Liga,Bing,https://www.goal.com/en/news/history-of-la-liga-and-how-it-became-worlds-top-football-league/1osjlklp3sbwt1ccx75afc1gc0
history of La Liga,Bing,https://bleacherreport.com/la-liga
history of La Liga,Bing,https://statsbomb.com/2021/03/a-brief-history-of-la-liga/
history of La Liga,Bing,https://www.bbc.com/sport/football/spanish-la-liga
history of La Liga,Bing,https://sport-net.org/who-founded-la-liga/
history of La Liga,Bing,https://sportskeeda.com/football/la-liga
history of La Liga,Bing,https://www.thestatszone.com/archive/what-is-la-liga-15324
history of La Liga,Bing,https://football-espana.net/la-liga-history
history of La Liga,Bing,https://historicalkits.co.uk/Spanish_Football/index.html
history of La Liga,Bing,https://laligafantasymarca.com/en
history of La Liga,Bing,https://totalfootballanalysis.com/history-of-la-liga
history of La Liga,Bing,https://www.sportsmole.co.uk/football/la-liga/
history of La Liga,Bing,https://www.spain.info/en/discover-spain/la-liga-football/
history of La Liga,Bing,https://www.laliga.es/
history of La Liga,Bing,https://laligafantasy.com/
history of La Liga,Bing,https://the18.com/soccer-entertainment/history-la-liga-and-real-madrid-dominance
What is the difference between iPhone and Samsung Galaxy?,Bing,https://www.pcmag.com/comparisons/apple-iphone-16-vs-samsung-galaxy-s24-the-best-flagship-phone
What is the difference between iPhone and Samsung Galaxy?,Bing,https://www.androidauthority.com/iphone-vs-samsung-3266172/
What is the difference between iPhone and Samsung Galaxy?,Bing,https://www.youtube.com/watch?v=bohNorF_jJs
What is the difference between iPhone and Samsung Galaxy?,Bing,https://www.reddit.com/r/samsung/comments/1c27jtx/is_a_samsung_any_better_than_an_iphone/
What is the difference between iPhone and Samsung Galaxy?,Bing,https://eu.community.samsung.com/t5/samsung-lounge/galaxy-vs-apple-now-i-m-on-the-other-side/td-p/9230572
What is the difference between iPhone and Samsung Galaxy?,Bing,https://www.tomsguide.com/phones/samsung-galaxy-s24-vs-iphone-15
What is the difference between iPhone and Samsung Galaxy?,Bing,https://www.nextpit.com/iphone-vs-samsung-comparison
What is the difference between iPhone and Samsung Galaxy?,Bing,https://www.youtube.com/watch?v=EdbbcTS76ZA
What is the difference between iPhone and Samsung Galaxy?,Bing,https://www.vlr.gg/280965/iphone-vs-samsung
What is the difference between iPhone and Samsung Galaxy?,Bing,https://www.thesun.co.uk/shopping/25328176/best-iphone-deals/
What is the difference between iPhone and Samsung Galaxy?,Bing,https://www.couriermail.com.au/news/queensland/this-is-why-samsung-triumphs-over-apple/news-story/17cd3d65ce90114252bf3d50ed8def35
What is the difference between iPhone and Samsung Galaxy?,Bing,https://en.wikipedia.org/wiki/Comparison_of_smartphones
What is the difference between iPhone and Samsung Galaxy?,Bing,https://cincodias.elpais.com/smartlife/smartphones/2024-12-10/one-ui-7-frente-ios-18-video.html
What is the difference between iPhone and Samsung Galaxy?,Bing,https://www.cnet.com/tech/mobile/iphone-vs-galaxy-comparison/
What is the difference between iPhone and Samsung Galaxy?,Bing,https://www.forbes.com/sites/forbestechcouncil/2024/05/15/iphone-vs-samsung-flagship-battle/
What is the difference between iPhone and Samsung Galaxy?,Bing,https://www.gsmarena.com/compare.php3?idPhone1=12215&idPhone2=12216
What is the difference between iPhone and Samsung Galaxy?,Bing,https://www.digitaltrends.com/mobile/apple-vs-samsung/
What is the difference between iPhone and Samsung Galaxy?,Bing,https://www.zdnet.com/article/apple-vs-samsung-which-smartphone-ecosystem/
What is the difference between iPhone and Samsung Galaxy?,Bing,https://9to5mac.com/2024/06/10/iphone-16-vs-samsung-galaxy-s24/
What is the difference between iPhone and Samsung Galaxy?,Bing,https://www.trustedreviews.com/news/iphone-vs-samsung-4285294
What is the difference between iPhone and Samsung Galaxy?,Bing,https://www.macworld.com/article/23411/iphone-vs-galaxy-s24-ultra.html
What is the difference between iPhone and Samsung Galaxy?,Bing,https://www.xda-developers.com/samsung-galaxy-vs-iphone/
What is the difference between iPhone and Samsung Galaxy?,Bing,https://www.phonearena.com/reviews/iphone-vs-samsung-review_id5802
What is the difference between iPhone and Samsung Galaxy?,Bing,https://www.techradar.com/news/iphone-vs-samsung/
What is the difference between iPhone and Samsung Galaxy?,Bing,https://www.androidcentral.com/iphone-vs-samsung/
What is the difference between iPhone and Samsung Galaxy?,Bing,https://www.theverge.com/234234/iphone-vs-samsung-2024
What is the difference between iPhone and Samsung Galaxy?,Bing,https://www.ign.com/articles/apple-vs-samsung-smartphone-showdown
What is the difference between iPhone and Samsung Galaxy?,Bing,https://www.slashgear.com/iphone-vs-galaxy-differences-2024/
What is the difference between iPhone and Samsung Galaxy?,Bing,https://www.wired.com/review/iphone-vs-samsung/
What is the difference between iPhone and Samsung Galaxy?,Bing,https://www.engadget.com/iphone-vs-samsung-best-smartphone-comparison-2024/
history of La Liga,Google,https://en.wikipedia.org/wiki/La_Liga
history of La Liga,Google,https://www.footballhistory.org/league/la-liga.html
history of La Liga,Google,https://www.fifplay.com/laliga-history/
history of La Liga,Google,https://voiceof.vegas/columns/sports/the-history-of-la-liga/
history of La Liga,Google,https://pitchpulse.co.uk/historical-and-cultural/historical-perspectives/the-evolution-of-la-liga/
history of La Liga,Google,https://big-soccer.fandom.com/wiki/La_Liga
history of La Liga,Google,https://www.worldsoccershop.com/guide/what-is-la-liga
history of La Liga,Google,https://www.topendsports.com/sport/soccer/list-league-la-liga.htm
history of La Liga,Google,https://en.wikipedia.org/wiki/Football_in_Spain
history of La Liga,Google,https://en.wikipedia.org/wiki/Liga_Nacional_de_F%C3%BAtbol_Profesional
history of La Liga,Google,https://www.theguardian.com/football/la-liga
history of La Liga,Google,https://www.transfermarkt.com/primera-division/startseite/wettbewerb/ES1
history of La Liga,Google,https://www.laliga.com/en-GB
history of La Liga,Google,https://www.skysports.com/la-liga
history of La Liga,Google,https://www.goal.com/en/news/history-of-la-liga-and-how-it-became-worlds-top-football-league/1osjlklp3sbwt1ccx75afc1gc0
history of La Liga,Google,https://bleacherreport.com/la-liga
history of La Liga,Google,https://statsbomb.com/2021/03/a-brief-history-of-la-liga/
history of La Liga,Google,https://www.bbc.com/sport/football/spanish-la-liga
history of La Liga,Google,https://sport-net.org/who-founded-la-liga/
history of La Liga,Google,https://sportskeeda.com/football/la-liga
history of La Liga,Google,https://www.thestatszone.com/archive/what-is-la-liga-15324
history of La Liga,Google,https://football-espana.net/la-liga-history
history of La Liga,Google,https://historicalkits.co.uk/Spanish_Football/index.html
history of La Liga,Google,https://laligafantasymarca.com/en
history of La Liga,Google,https://totalfootballanalysis.com/history-of-la-liga
history of La Liga,Google,https://www.sportsmole.co.uk/football/la-liga/
history of La Liga,Google,https://www.spain.info/en/discover-spain/la-liga-football/
history of La Liga,Google,https://www.laliga.es/
history of La Liga,Google,https://laligafantasy.com/
history of La Liga,Google,https://the18.com/soccer-entertainment/history-la-liga-and-real-madrid-dominance
What is the difference between iPhone and Samsung Galaxy?,Google,https://www.youtube.com/watch?v=ChQl1u6YU7Q
What is the difference between iPhone and Samsung Galaxy?,Google,https://www.reddit.com/r/samsung/comments/z1eeuw/samsung_vs_iphone/
What is the difference between iPhone and Samsung Galaxy?,Google,https://www.youtube.com/watch?v=bohNorF_jJs
What is the difference between iPhone and Samsung Galaxy?,Google,https://www.quora.com/Which-phones-are-better-iPhone-or-Samsung-Galaxy
What is the difference between iPhone and Samsung Galaxy?,Google,https://www.reddit.com/r/samsung/comments/1c27jtx/is_a_samsung_any_better_than_an_iphone/
What is the difference between iPhone and Samsung Galaxy?,Google,https://www.quora.com/Should-I-get-an-iPhone-or-a-Samsung
What is the difference between iPhone and Samsung Galaxy?,Google,https://www.androidauthority.com/iphone-vs-samsung-3266172/
What is the difference between iPhone and Samsung Galaxy?,Google,https://eu.community.samsung.com/t5/samsung-lounge/galaxy-vs-apple-now-i-m-on-the-other-side/td-p/9230572
What is the difference between iPhone and Samsung Galaxy?,Google,https://www.makeuseof.com/iphone-vs-samsung/
What is the difference between iPhone and Samsung Galaxy?,Google,https://www.linkedin.com/pulse/difference-between-iphone-samsungs-cloud-7-i-t-services
What is the difference between iPhone and Samsung Galaxy?,Google,https://iosapps.quora.com/Do-Samsung-Galaxy-phones-have-better-cameras-than-iPhones-or-vice-versa-and-why-Which-smartphone-would-you-recommend
What is the difference between iPhone and Samsung Galaxy?,Google,https://www.tomsguide.com/phones/i-took-over-200-photos-with-the-iphone-16-pro-max-vs-galaxy-s24-ultra-heres-the-winner
What is the difference between iPhone and Samsung Galaxy?,Google,https://www.pcmag.com/comparisons/apple-iphone-16-vs-samsung-galaxy-s24-the-best-flagship-phone
What is the difference between iPhone and Samsung Galaxy?,Google,https://mashable.com/article/apple-iphone-16-pro-max-vs-samsung-galaxy-s24-price-specs
What is the difference between iPhone and Samsung Galaxy?,Google,https://www.zdnet.com/article/samsung-galaxy-s24-vs-iphone-15/
What is the difference between iPhone and Samsung Galaxy?,Google,https://discussions.apple.com/thread/252713181
What is the difference between iPhone and Samsung Galaxy?,Google,https://www.cnet.com/tech/mobile/our-bonkers-camera-clash-we-put-the-iphone-15-pro-max-against-the-galaxy-s24-ultra/
What is the difference between iPhone and Samsung Galaxy?,Google,https://www.techradar.com/phones/i-shot-the-eclipse-with-an-iphone-15-pro-max-google-pixel-8-pro-and-a-samsung-galaxy-s23-ultra-heres-which-one-did-best
What is the difference between iPhone and Samsung Galaxy?,Google,https://www.theverge.com/23571579/samsung-galaxy-s23-vs-apple-iphone-14-specs-comparison-differences-price
What is the difference between iPhone and Samsung Galaxy?,Google,https://medium.com/@asjad.muhammad10/iphones-vs-samsung-phones-debate-e9cb1d86a6f4
What is the difference between iPhone and Samsung Galaxy?,Google,https://amateurphotographer.com/round-ups/camera_round_ups/iphone-14-pro-vs-samsung-s22-ultra-cameras-compared/
What is the difference between iPhone and Samsung Galaxy?,Google,https://www.coolblue.nl/en/advice/choose-apple-iphone-or-samsung-galaxy.html
What is the difference between iPhone and Samsung Galaxy?,Google,https://aussiemobilephonerepairs.com.au/blog/samsung-vs-iphone
What is the difference between iPhone and Samsung Galaxy?,Google,https://www.samsung.com/uk/support/mobile-devices/how-do-i-switch-from-ios/
What is the difference between iPhone and Samsung Galaxy?,Google,https://insights.samsung.com/2024/04/03/24-reasons-to-switch-to-a-samsung-mobile-device/
What is the difference between iPhone and Samsung Galaxy?,Google,https://www.backmarket.com.au/en-au/c/samsung/iphone-vs-samsung
What is the difference between iPhone and Samsung Galaxy?,Google,https://us.community.samsung.com/t5/Galaxy-Watch/Unable-to-pair-my-Galaxy-watch-4-with-an-iPhone/td-p/2468653
What is the difference between iPhone and Samsung Galaxy?,Google,https://www.phonearena.com/reviews/iphone-15-pro-vs-samsung-galaxy-s23_id5806
What is the difference between iPhone and Samsung Galaxy?,Google,https://www.simplymac.com/iphone/iphone-vs-samsung-galaxy-release-year-comparison-chart
What is the difference between iPhone and Samsung Galaxy?,Google,https://www.backmarket.com/en-us/compare/galaxy-s21/iphone-13